post_id,created_at,text,impressions,likes,replies,reposts,bookmarks,quotes,url,media_type,followers_count
1900000000000000000,2025-01-06 21:37:00,はじめまして。未経験からWebデザインを勉強中の会社員です。同じように挑戦する人と繋がりたくて発信を始めました。よろしくお願いします！,33,1,0,0,0,0,https://x.com/sample_creator/status/1900000000000000000,image,30
1900000000000009935,2025-01-07 08:07:00,今日からデザイン学習の記録を毎日投稿します。まずは1日1時間の勉強から。,273,7,0,0,2,0,https://x.com/sample_creator/status/1900000000000009935,image,30
1900000000000014192,2025-01-08 22:11:00,会社員をしながらスキルを身につけたい。時間がない中でどう学ぶかを試行錯誤していきます。,175,7,0,0,2,0,https://x.com/sample_creator/status/1900000000000014192,image,31
1900000000000022116,2025-01-10 12:47:00,おはようございます。朝活1日目。通勤前の30分でデザインの基礎を勉強しました。,93,3,0,0,0,0,https://x.com/sample_creator/status/1900000000000022116,,31
1900000000000024700,2025-01-11 13:24:00,デザイン学習3日目。今日は配色の基本を学びました。むずかしいけど楽しい。,324,6,0,0,1,0,https://x.com/sample_creator/status/1900000000000024700,,31
1900000000000026991,2025-01-13 20:48:00,はじめまして。未経験からWebデザインを勉強中の会社員です。同じように挑戦する人と繋がりたくて発信を始めました。よろしくお願いします！,162,6,0,0,1,0,https://x.com/sample_creator/status/1900000000000026991,,32
1900000000000029298,2025-01-14 09:25:00,今日からデザイン学習の記録を毎日投稿します。まずは1日1時間の勉強から。,96,2,0,0,0,0,https://x.com/sample_creator/status/1900000000000029298,,33
1900000000000036118,2025-01-15 09:12:00,会社員をしながらスキルを身につけたい。時間がない中でどう学ぶかを試行錯誤していきます。,145,5,0,0,1,0,https://x.com/sample_creator/status/1900000000000036118,image,34
1900000000000041128,2025-01-17 08:59:00,おはようございます。朝活1日目。通勤前の30分でデザインの基礎を勉強しました。,480,8,0,1,2,0,https://x.com/sample_creator/status/1900000000000041128,image,35
1900000000000047441,2025-01-18 07:44:00,デザイン学習3日目。今日は配色の基本を学びました。むずかしいけど楽しい。,29,1,0,0,0,0,https://x.com/sample_creator/status/1900000000000047441,image,36
1900000000000053596,2025-01-20 09:11:00,はじめまして。未経験からWebデザインを勉強中の会社員です。同じように挑戦する人と繋がりたくて発信を始めました。よろしくお願いします！,486,9,0,1,2,0,https://x.com/sample_creator/status/1900000000000053596,,37
1900000000000056883,2025-01-21 09:17:00,今日からデザイン学習の記録を毎日投稿します。まずは1日1時間の勉強から。,300,6,0,0,1,0,https://x.com/sample_creator/status/1900000000000056883,,39
1900000000000060149,2025-01-22 21:01:00,会社員をしながらスキルを身につけたい。時間がない中でどう学ぶかを試行錯誤していきます。,68,2,0,0,0,0,https://x.com/sample_creator/status/1900000000000060149,image,40
1900000000000068065,2025-01-24 20:34:00,おはようございます。朝活1日目。通勤前の30分でデザインの基礎を勉強しました。,522,9,0,1,2,0,https://x.com/sample_creator/status/1900000000000068065,image,42
1900000000000069253,2025-01-25 22:16:00,デザイン学習3日目。今日は配色の基本を学びました。むずかしいけど楽しい。,84,2,0,0,0,0,https://x.com/sample_creator/status/1900000000000069253,,44
1900000000000075061,2025-01-27 19:40:00,"未経験からデザインを学ぶ人がまずやるべき3ステップ
①基礎本を1冊だけ読む
②毎日30分手を動かす
③作ったものを公開する
完璧を目指さないのがコツです。",1025,25,1,2,7,0,https://x.com/sample_creator/status/1900000000000075061,,48
1900000000000084378,2025-01-28 08:25:00,"デザイン初心者がやりがちな失敗5選
・フォントを使いすぎる
・色を増やしすぎる
・余白を怖がる
・参考を見ない
・完成させない
私も全部やりました…",1258,34,3,3,10,0,https://x.com/sample_creator/status/1900000000000084378,,49
1900000000000088024,2025-01-29 21:19:00,無料で学べるデザイン教材まとめ。お金をかけなくても基礎は十分学べます。まずはここから始めるのがおすすめ。,1624,29,5,2,8,0,https://x.com/sample_creator/status/1900000000000088024,,49
1900000000000094971,2025-01-30 12:45:00,バナー模写の正しいやり方を解説します。ただ真似るだけじゃなく「なぜこの配置なのか」を言語化するのが上達の近道。,240,8,0,0,2,0,https://x.com/sample_creator/status/1900000000000094971,image,49
1900000000000103933,2025-01-31 08:18:00,配色に迷ったら60:30:10の法則。ベース60%、メイン30%、アクセント10%。これだけで一気に整います。,1705,31,5,1,9,0,https://x.com/sample_creator/status/1900000000000103933,,53
1900000000000109275,2025-02-01 21:25:00,デザインの勉強時間を捻出する方法。私は通勤電車の30分と昼休みの20分を固定枠にしています。すきま時間の積み重ねが一番強い。,2006,34,3,1,10,0,https://x.com/sample_creator/status/1900000000000109275,image,54
1900000000000115382,2025-02-03 20:12:00,"未経験からデザインを学ぶ人がまずやるべき3ステップ
①基礎本を1冊だけ読む
②毎日30分手を動かす
③作ったものを公開する
完璧を目指さないのがコツです。",1908,36,3,4,10,0,https://x.com/sample_creator/status/1900000000000115382,,54
1900000000000120063,2025-02-04 07:51:00,"デザイン初心者がやりがちな失敗5選
・フォントを使いすぎる
・色を増やしすぎる
・余白を怖がる
・参考を見ない
・完成させない
私も全部やりました…",273,7,0,0,2,0,https://x.com/sample_creator/status/1900000000000120063,,54
1900000000000122027,2025-02-05 08:34:00,無料で学べるデザイン教材まとめ。お金をかけなくても基礎は十分学べます。まずはここから始めるのがおすすめ。,360,9,1,0,2,0,https://x.com/sample_creator/status/1900000000000122027,image,56
1900000000000130980,2025-02-06 09:04:00,バナー模写の正しいやり方を解説します。ただ真似るだけじゃなく「なぜこの配置なのか」を言語化するのが上達の近道。,715,13,2,1,3,0,https://x.com/sample_creator/status/1900000000000130980,,57
1900000000000138649,2025-02-07 08:36:00,配色に迷ったら60:30:10の法則。ベース60%、メイン30%、アクセント10%。これだけで一気に整います。,612,12,1,0,3,0,https://x.com/sample_creator/status/1900000000000138649,image,60
1900000000000140536,2025-02-09 22:11:00,デザインの勉強時間を捻出する方法。私は通勤電車の30分と昼休みの20分を固定枠にしています。すきま時間の積み重ねが一番強い。,1794,39,2,3,11,0,https://x.com/sample_creator/status/1900000000000140536,,60
1900000000000144675,2025-02-10 09:04:00,"未経験からデザインを学ぶ人がまずやるべき3ステップ
①基礎本を1冊だけ読む
②毎日30分手を動かす
③作ったものを公開する
完璧を目指さないのがコツです。",1620,30,2,1,9,0,https://x.com/sample_creator/status/1900000000000144675,,61
1900000000000152935,2025-02-11 20:36:00,"デザイン初心者がやりがちな失敗5選
・フォントを使いすぎる
・色を増やしすぎる
・余白を怖がる
・参考を見ない
・完成させない
私も全部やりました…",225,9,1,0,2,0,https://x.com/sample_creator/status/1900000000000152935,,61
1900000000000156659,2025-02-12 20:01:00,無料で学べるデザイン教材まとめ。お金をかけなくても基礎は十分学べます。まずはここから始めるのがおすすめ。,896,32,2,2,9,0,https://x.com/sample_creator/status/1900000000000156659,,62
1900000000000157694,2025-02-13 19:46:00,バナー模写の正しいやり方を解説します。ただ真似るだけじゃなく「なぜこの配置なのか」を言語化するのが上達の近道。,2940,49,8,3,14,0,https://x.com/sample_creator/status/1900000000000157694,image,67
1900000000000166667,2025-02-14 08:42:00,配色に迷ったら60:30:10の法則。ベース60%、メイン30%、アクセント10%。これだけで一気に整います。,1357,23,1,0,6,0,https://x.com/sample_creator/status/1900000000000166667,image,67
1900000000000172805,2025-02-16 07:33:00,デザインの勉強時間を捻出する方法。私は通勤電車の30分と昼休みの20分を固定枠にしています。すきま時間の積み重ねが一番強い。,2204,38,4,5,11,1,https://x.com/sample_creator/status/1900000000000172805,,68
1900000000000182125,2025-02-17 08:24:00,"未経験からデザインを学ぶ人がまずやるべき3ステップ
①基礎本を1冊だけ読む
②毎日30分手を動かす
③作ったものを公開する
完璧を目指さないのがコツです。",680,17,1,0,5,0,https://x.com/sample_creator/status/1900000000000182125,,71
1900000000000187158,2025-02-18 21:08:00,"デザイン初心者がやりがちな失敗5選
・フォントを使いすぎる
・色を増やしすぎる
・余白を怖がる
・参考を見ない
・完成させない
私も全部やりました…",580,10,1,0,3,0,https://x.com/sample_creator/status/1900000000000187158,,73
1900000000000191504,2025-02-19 22:15:00,無料で学べるデザイン教材まとめ。お金をかけなくても基礎は十分学べます。まずはここから始めるのがおすすめ。,1144,26,2,2,7,0,https://x.com/sample_creator/status/1900000000000191504,,76
1900000000000193692,2025-02-20 07:59:00,バナー模写の正しいやり方を解説します。ただ真似るだけじゃなく「なぜこの配置なのか」を言語化するのが上達の近道。,1218,42,8,6,12,1,https://x.com/sample_creator/status/1900000000000193692,,80
1900000000000260064,2025-02-20 08:31:00,仕事から帰って勉強する気力がない日、ありますよね。私も今日はそうでした。そんな日は5分だけ参考デザインを眺めて寝ます。ゼロじゃなければOK。,1102,38,4,2,11,0,https://x.com/sample_creator/status/1900000000000260064,,98
1900000000000269410,2025-02-21 20:13:00,「未経験からじゃ無理」って言われると落ち込みますよね。でも実際に転身した人はみんな未経験からスタートしてる。大丈夫。,3157,77,7,2,23,0,https://x.com/sample_creator/status/1900000000000269410,image,99
1900000000000202980,2025-02-22 12:38:00,配色に迷ったら60:30:10の法則。ベース60%、メイン30%、アクセント10%。これだけで一気に整います。,1344,28,5,3,8,0,https://x.com/sample_creator/status/1900000000000202980,,82
1900000000000274759,2025-02-23 07:36:00,SNSで同世代の活躍を見て焦る気持ち、痛いほどわかる。でも比べる相手は昨日の自分だけでいい。,3870,86,9,10,25,2,https://x.com/sample_creator/status/1900000000000274759,image,105
1900000000000211159,2025-02-23 21:15:00,デザインの勉強時間を捻出する方法。私は通勤電車の30分と昼休みの20分を固定枠にしています。すきま時間の積み重ねが一番強い。,1450,25,3,3,7,0,https://x.com/sample_creator/status/1900000000000211159,image,82
1900000000000217064,2025-02-24 21:36:00,"未経験からデザインを学ぶ人がまずやるべき3ステップ
①基礎本を1冊だけ読む
②毎日30分手を動かす
③作ったものを公開する
完璧を目指さないのがコツです。",960,16,1,2,4,0,https://x.com/sample_creator/status/1900000000000217064,,83
1900000000000284138,2025-02-25 07:54:00,勉強が続かなくて自己嫌悪になる…そんな自分を責めないでください。続かない仕組みが悪いだけで、あなたが悪いわけじゃない。,4368,84,6,2,25,0,https://x.com/sample_creator/status/1900000000000284138,image,105
1900000000000222680,2025-02-25 20:43:00,"デザイン初心者がやりがちな失敗5選
・フォントを使いすぎる
・色を増やしすぎる
・余白を怖がる
・参考を見ない
・完成させない
私も全部やりました…",2009,49,4,5,14,1,https://x.com/sample_creator/status/1900000000000222680,,87
1900000000000227794,2025-02-26 07:35:00,無料で学べるデザイン教材まとめ。お金をかけなくても基礎は十分学べます。まずはここから始めるのがおすすめ。,1150,46,5,2,13,0,https://x.com/sample_creator/status/1900000000000227794,,89
1900000000000233085,2025-02-27 09:17:00,バナー模写の正しいやり方を解説します。ただ真似るだけじゃなく「なぜこの配置なのか」を言語化するのが上達の近道。,875,35,4,2,10,0,https://x.com/sample_creator/status/1900000000000233085,,89
1900000000000293959,2025-02-27 22:16:00,会社で疲れ果てて何もできない夜。そんな日々でも少しずつ前に進んでる。同じ状況の人、一緒にがんばりましょう。,1886,41,4,1,12,0,https://x.com/sample_creator/status/1900000000000293959,,109
1900000000000236527,2025-03-01 20:32:00,配色に迷ったら60:30:10の法則。ベース60%、メイン30%、アクセント10%。これだけで一気に整います。,990,30,4,1,9,0,https://x.com/sample_creator/status/1900000000000236527,,89
1900000000000297000,2025-03-01 22:27:00,仕事から帰って勉強する気力がない日、ありますよね。私も今日はそうでした。そんな日は5分だけ参考デザインを眺めて寝ます。ゼロじゃなければOK。,2475,55,6,6,16,1,https://x.com/sample_creator/status/1900000000000297000,image,112
1900000000000243501,2025-03-02 08:27:00,デザインの勉強時間を捻出する方法。私は通勤電車の30分と昼休みの20分を固定枠にしています。すきま時間の積み重ねが一番強い。,930,30,2,1,9,0,https://x.com/sample_creator/status/1900000000000243501,image,91
1900000000000302844,2025-03-02 20:38:00,「未経験からじゃ無理」って言われると落ち込みますよね。でも実際に転身した人はみんな未経験からスタートしてる。大丈夫。,1512,42,4,5,12,1,https://x.com/sample_creator/status/1900000000000302844,image,116
1900000000000251159,2025-03-03 21:17:00,"未経験からデザインを学ぶ人がまずやるべき3ステップ
①基礎本を1冊だけ読む
②毎日30分手を動かす
③作ったものを公開する
完璧を目指さないのがコツです。",595,17,3,0,5,0,https://x.com/sample_creator/status/1900000000000251159,,92
1900000000000252565,2025-03-04 09:17:00,"デザイン初心者がやりがちな失敗5選
・フォントを使いすぎる
・色を増やしすぎる
・余白を怖がる
・参考を見ない
・完成させない
私も全部やりました…",1160,29,4,2,8,0,https://x.com/sample_creator/status/1900000000000252565,,94
1900000000000308774,2025-03-04 20:05:00,SNSで同世代の活躍を見て焦る気持ち、痛いほどわかる。でも比べる相手は昨日の自分だけでいい。,855,19,1,1,5,0,https://x.com/sample_creator/status/1900000000000308774,,119
1900000000000255336,2025-03-05 20:25:00,無料で学べるデザイン教材まとめ。お金をかけなくても基礎は十分学べます。まずはここから始めるのがおすすめ。,594,11,1,0,3,0,https://x.com/sample_creator/status/1900000000000255336,,96
1900000000000317018,2025-03-06 21:43:00,勉強が続かなくて自己嫌悪になる…そんな自分を責めないでください。続かない仕組みが悪いだけで、あなたが悪いわけじゃない。,2905,83,10,11,24,2,https://x.com/sample_creator/status/1900000000000317018,,120
1900000000000412455,2025-03-07 09:00:00,1年前の私は、残業続きで終電帰りの毎日でした。このままでいいのかと不安だった。あの日デザインの勉強を始めたことが、今の私のきっかけです。,2378,58,7,3,17,0,https://x.com/sample_creator/status/1900000000000412455,,184
1900000000000326463,2025-03-08 22:10:00,会社で疲れ果てて何もできない夜。そんな日々でも少しずつ前に進んでる。同じ状況の人、一緒にがんばりましょう。,3920,98,9,12,29,2,https://x.com/sample_creator/status/1900000000000326463,,124
1900000000000330725,2025-03-10 08:31:00,仕事から帰って勉強する気力がない日、ありますよね。私も今日はそうでした。そんな日は5分だけ参考デザインを眺めて寝ます。ゼロじゃなければOK。,696,24,2,2,7,0,https://x.com/sample_creator/status/1900000000000330725,,127
1900000000000415331,2025-03-10 08:49:00,実は一度、勉強を3ヶ月サボって挫折しかけました。再開できたのは「完璧じゃなくていい」と思えたから。挫折の話も隠さず発信していきます。,2793,57,7,8,17,1,https://x.com/sample_creator/status/1900000000000415331,image,187
1900000000000334910,2025-03-11 22:14:00,「未経験からじゃ無理」って言われると落ち込みますよね。でも実際に転身した人はみんな未経験からスタートしてる。大丈夫。,1750,70,8,4,21,0,https://x.com/sample_creator/status/1900000000000334910,,133
1900000000000342875,2025-03-13 08:41:00,SNSで同世代の活躍を見て焦る気持ち、痛いほどわかる。でも比べる相手は昨日の自分だけでいい。,2880,90,10,8,27,1,https://x.com/sample_creator/status/1900000000000342875,,140
1900000000000419580,2025-03-14 08:07:00,初めて作ったバナーを見返したら酷すぎて笑いました。でもこの積み重ねが今につながってる。過去の自分に感謝。,3104,97,6,11,29,2,https://x.com/sample_creator/status/1900000000000419580,,187
1900000000000351487,2025-03-15 22:03:00,勉強が続かなくて自己嫌悪になる…そんな自分を責めないでください。続かない仕組みが悪いだけで、あなたが悪いわけじゃない。,5088,96,13,13,28,2,https://x.com/sample_creator/status/1900000000000351487,image,146
1900000000000359792,2025-03-17 09:17:00,会社で疲れ果てて何もできない夜。そんな日々でも少しずつ前に進んでる。同じ状況の人、一緒にがんばりましょう。,3612,86,10,10,25,2,https://x.com/sample_creator/status/1900000000000359792,image,153
1900000000000429308,2025-03-17 20:12:00,1年前の私は、残業続きで終電帰りの毎日でした。このままでいいのかと不安だった。あの日デザインの勉強を始めたことが、今の私のきっかけです。,3350,134,8,14,40,2,https://x.com/sample_creator/status/1900000000000429308,,193
1900000000000364711,2025-03-19 12:58:00,仕事から帰って勉強する気力がない日、ありますよね。私も今日はそうでした。そんな日は5分だけ参考デザインを眺めて寝ます。ゼロじゃなければOK。,1380,30,4,1,9,0,https://x.com/sample_creator/status/1900000000000364711,image,155
1900000000000367031,2025-03-20 08:39:00,「未経験からじゃ無理」って言われると落ち込みますよね。でも実際に転身した人はみんな未経験からスタートしてる。大丈夫。,2014,53,5,2,15,0,https://x.com/sample_creator/status/1900000000000367031,,155
1900000000000432037,2025-03-21 19:53:00,実は一度、勉強を3ヶ月サボって挫折しかけました。再開できたのは「完璧じゃなくていい」と思えたから。挫折の話も隠さず発信していきます。,9454,163,25,13,48,2,https://x.com/sample_creator/status/1900000000000432037,,203
1900000000000374709,2025-03-22 13:04:00,SNSで同世代の活躍を見て焦る気持ち、痛いほどわかる。でも比べる相手は昨日の自分だけでいい。,4437,87,9,4,26,0,https://x.com/sample_creator/status/1900000000000374709,image,161
1900000000000376029,2025-03-24 20:54:00,勉強が続かなくて自己嫌悪になる…そんな自分を責めないでください。続かない仕組みが悪いだけで、あなたが悪いわけじゃない。,4459,91,4,6,27,1,https://x.com/sample_creator/status/1900000000000376029,image,167
1900000000000441854,2025-03-25 19:59:00,初めて作ったバナーを見返したら酷すぎて笑いました。でもこの積み重ねが今につながってる。過去の自分に感謝。,7245,161,27,16,48,3,https://x.com/sample_creator/status/1900000000000441854,,206
1900000000000385976,2025-03-26 21:27:00,会社で疲れ果てて何もできない夜。そんな日々でも少しずつ前に進んでる。同じ状況の人、一緒にがんばりましょう。,3080,55,6,3,16,0,https://x.com/sample_creator/status/1900000000000385976,,167
1900000000000475119,2025-03-27 13:14:00,デザインで一番大切なのは「誰に何を伝えるか」。ツールの使い方より先に、目的を考える習慣をつけるべきだと思う。,3264,102,9,6,30,1,https://x.com/sample_creator/status/1900000000000475119,,233
1900000000000447423,2025-03-28 19:45:00,1年前の私は、残業続きで終電帰りの毎日でした。このままでいいのかと不安だった。あの日デザインの勉強を始めたことが、今の私のきっかけです。,7958,173,23,19,51,3,https://x.com/sample_creator/status/1900000000000447423,,206
1900000000000478077,2025-03-28 22:04:00,スキル習得で重要なのは、インプット2割・アウトプット8割。作らないと上達しません。これが本質です。,7590,138,10,7,41,1,https://x.com/sample_creator/status/1900000000000478077,image,237
1900000000000392483,2025-03-28 22:13:00,仕事から帰って勉強する気力がない日、ありますよね。私も今日はそうでした。そんな日は5分だけ参考デザインを眺めて寝ます。ゼロじゃなければOK。,2706,82,13,10,24,2,https://x.com/sample_creator/status/1900000000000392483,,167
1900000000000393927,2025-03-29 08:11:00,「未経験からじゃ無理」って言われると落ち込みますよね。でも実際に転身した人はみんな未経験からスタートしてる。大丈夫。,2436,87,6,7,26,1,https://x.com/sample_creator/status/1900000000000393927,,171
1900000000000487672,2025-03-29 20:48:00,「センスがないから無理」は勘違い。デザインは知識とパターンの積み重ねで、センスは後からついてくる。学べば誰でも一定レベルには到達できます。,2352,49,8,3,14,0,https://x.com/sample_creator/status/1900000000000487672,,238
1900000000000400290,2025-03-31 08:59:00,SNSで同世代の活躍を見て焦る気持ち、痛いほどわかる。でも比べる相手は昨日の自分だけでいい。,3024,72,7,9,21,1,https://x.com/sample_creator/status/1900000000000400290,,177
1900000000000488903,2025-03-31 22:04:00,続けるコツは意志力に頼らないこと。時間を固定し、環境を整え、記録を公開する。仕組みで解決するのが正解だと思う。,3300,55,5,8,16,1,https://x.com/sample_creator/status/1900000000000488903,image,240
1900000000000453748,2025-04-01 09:01:00,実は一度、勉強を3ヶ月サボって挫折しかけました。再開できたのは「完璧じゃなくていい」と思えたから。挫折の話も隠さず発信していきます。,4242,101,10,6,30,1,https://x.com/sample_creator/status/1900000000000453748,image,210
1900000000000491971,2025-04-01 22:25:00,デザインで一番大切なのは「誰に何を伝えるか」。ツールの使い方より先に、目的を考える習慣をつけるべきだと思う。,4773,111,7,3,33,0,https://x.com/sample_creator/status/1900000000000491971,,247
1900000000000405423,2025-04-02 08:00:00,勉強が続かなくて自己嫌悪になる…そんな自分を責めないでください。続かない仕組みが悪いだけで、あなたが悪いわけじゃない。,1222,26,4,0,7,0,https://x.com/sample_creator/status/1900000000000405423,image,178
1900000000000500187,2025-04-03 12:41:00,スキル習得で重要なのは、インプット2割・アウトプット8割。作らないと上達しません。これが本質です。,1408,44,3,5,13,1,https://x.com/sample_creator/status/1900000000000500187,,247
1900000000000509243,2025-04-04 08:06:00,「センスがないから無理」は勘違い。デザインは知識とパターンの積み重ねで、センスは後からついてくる。学べば誰でも一定レベルには到達できます。,5940,135,20,6,40,1,https://x.com/sample_creator/status/1900000000000509243,,248
1900000000000407547,2025-04-04 21:32:00,会社で疲れ果てて何もできない夜。そんな日々でも少しずつ前に進んでる。同じ状況の人、一緒にがんばりましょう。,702,27,5,1,8,0,https://x.com/sample_creator/status/1900000000000407547,,182
1900000000000454914,2025-04-05 20:42:00,初めて作ったバナーを見返したら酷すぎて笑いました。でもこの積み重ねが今につながってる。過去の自分に感謝。,3720,62,5,4,18,0,https://x.com/sample_creator/status/1900000000000454914,,216
1900000000000647266,2025-04-06 19:40:00,今日もリプで交流してくださった皆さん、ありがとうございます！デザイン仲間が増えるのが一番嬉しい。,1876,67,12,2,20,0,https://x.com/sample_creator/status/1900000000000647266,,382
1900000000000512183,2025-04-06 21:18:00,続けるコツは意志力に頼らないこと。時間を固定し、環境を整え、記録を公開する。仕組みで解決するのが正解だと思う。,3978,102,14,12,30,2,https://x.com/sample_creator/status/1900000000000512183,,256
1900000000000520564,2025-04-07 19:49:00,デザインで一番大切なのは「誰に何を伝えるか」。ツールの使い方より先に、目的を考える習慣をつけるべきだと思う。,3640,130,25,8,39,1,https://x.com/sample_creator/status/1900000000000520564,image,265
1900000000000523189,2025-04-08 09:10:00,スキル習得で重要なのは、インプット2割・アウトプット8割。作らないと上達しません。これが本質です。,2800,70,6,2,21,0,https://x.com/sample_creator/status/1900000000000523189,image,266
1900000000000654407,2025-04-08 19:39:00,【質問】皆さんが勉強でいちばん苦労していることは何ですか？リプで教えてください。今後の発信の参考にします。,2088,58,7,5,17,1,https://x.com/sample_creator/status/1900000000000654407,,383
1900000000000463714,2025-04-08 22:15:00,1年前の私は、残業続きで終電帰りの毎日でした。このままでいいのかと不安だった。あの日デザインの勉強を始めたことが、今の私のきっかけです。,8385,195,22,6,58,1,https://x.com/sample_creator/status/1900000000000463714,,219
1900000000000525418,2025-04-10 08:30:00,「センスがないから無理」は勘違い。デザインは知識とパターンの積み重ねで、センスは後からついてくる。学べば誰でも一定レベルには到達できます。,4515,105,12,10,31,2,https://x.com/sample_creator/status/1900000000000525418,,266
1900000000000656700,2025-04-10 21:25:00,朝活仲間を募集します。平日朝7時から30分、一緒に作業しませんか？参加したい方はリプください。,2788,82,11,4,24,0,https://x.com/sample_creator/status/1900000000000656700,,386
1900000000000531138,2025-04-11 21:48:00,続けるコツは意志力に頼らないこと。時間を固定し、環境を整え、記録を公開する。仕組みで解決するのが正解だと思う。,5928,152,27,5,45,1,https://x.com/sample_creator/status/1900000000000531138,image,270
1900000000000468700,2025-04-12 13:12:00,実は一度、勉強を3ヶ月サボって挫折しかけました。再開できたのは「完璧じゃなくていい」と思えたから。挫折の話も隠さず発信していきます。,8372,161,19,15,48,3,https://x.com/sample_creator/status/1900000000000468700,image,230
1900000000000535379,2025-04-13 19:37:00,デザインで一番大切なのは「誰に何を伝えるか」。ツールの使い方より先に、目的を考える習慣をつけるべきだと思う。,5376,128,10,6,38,1,https://x.com/sample_creator/status/1900000000000535379,,272
1900000000000661861,2025-04-13 19:46:00,今日もリプで交流してくださった皆さん、ありがとうございます！デザイン仲間が増えるのが一番嬉しい。,860,20,3,1,6,0,https://x.com/sample_creator/status/1900000000000661861,,390
1900000000000537356,2025-04-14 09:20:00,スキル習得で重要なのは、インプット2割・アウトプット8割。作らないと上達しません。これが本質です。,3827,89,12,11,26,2,https://x.com/sample_creator/status/1900000000000537356,,279
1900000000000664071,2025-04-15 19:52:00,【質問】皆さんが勉強でいちばん苦労していることは何ですか？リプで教えてください。今後の発信の参考にします。,2911,71,10,5,21,1,https://x.com/sample_creator/status/1900000000000664071,,393
1900000000000833469,2025-04-16 08:18:00,ご報告。初めてポートフォリオを公開したところ、3件の感想をいただきました。小さな一歩だけど嬉しい。,10380,173,23,21,51,4,https://x.com/sample_creator/status/1900000000000833469,image,508
1900000000000546035,2025-04-16 21:49:00,「センスがないから無理」は勘違い。デザインは知識とパターンの積み重ねで、センスは後からついてくる。学べば誰でも一定レベルには到達できます。,9263,157,17,9,47,1,https://x.com/sample_creator/status/1900000000000546035,,286
1900000000000668334,2025-04-17 20:24:00,朝活仲間を募集します。平日朝7時から30分、一緒に作業しませんか？参加したい方はリプください。,4747,101,6,7,30,1,https://x.com/sample_creator/status/1900000000000668334,image,397
1900000000000548352,2025-04-17 20:32:00,続けるコツは意志力に頼らないこと。時間を固定し、環境を整え、記録を公開する。仕組みで解決するのが正解だと思う。,2912,112,17,11,33,2,https://x.com/sample_creator/status/1900000000000548352,,287
1900000000000549691,2025-04-18 22:22:00,デザインで一番大切なのは「誰に何を伝えるか」。ツールの使い方より先に、目的を考える習慣をつけるべきだと思う。,3096,86,11,10,25,2,https://x.com/sample_creator/status/1900000000000549691,image,294
1900000000000834899,2025-04-19 21:29:00,フォロワー500人を突破しました！いつも見てくださる皆さんのおかげです。ありがとうございます。,11124,309,53,19,92,3,https://x.com/sample_creator/status/1900000000000834899,image,516
1900000000000674171,2025-04-20 08:23:00,今日もリプで交流してくださった皆さん、ありがとうございます！デザイン仲間が増えるのが一番嬉しい。,2520,90,8,8,27,1,https://x.com/sample_creator/status/1900000000000674171,,404
1900000000000557936,2025-04-20 12:41:00,スキル習得で重要なのは、インプット2割・アウトプット8割。作らないと上達しません。これが本質です。,4260,142,16,18,42,3,https://x.com/sample_creator/status/1900000000000557936,,301
1900000000000565626,2025-04-21 12:50:00,「センスがないから無理」は勘違い。デザインは知識とパターンの積み重ねで、センスは後からついてくる。学べば誰でも一定レベルには到達できます。,7956,156,10,7,46,1,https://x.com/sample_creator/status/1900000000000565626,,308
1900000000000678941,2025-04-22 21:21:00,【質問】皆さんが勉強でいちばん苦労していることは何ですか？リプで教えてください。今後の発信の参考にします。,3403,83,6,4,24,0,https://x.com/sample_creator/status/1900000000000678941,image,406
1900000000000840961,2025-04-23 12:52:00,毎日投稿90日達成しました。継続は裏切らない。,4150,83,6,3,24,0,https://x.com/sample_creator/status/1900000000000840961,,517
1900000000000573187,2025-04-23 20:32:00,続けるコツは意志力に頼らないこと。時間を固定し、環境を整え、記録を公開する。仕組みで解決するのが正解だと思う。,3904,122,7,7,36,1,https://x.com/sample_creator/status/1900000000000573187,image,314
1900000000000681532,2025-04-24 22:11:00,朝活仲間を募集します。平日朝7時から30分、一緒に作業しませんか？参加したい方はリプください。,1344,28,2,2,8,0,https://x.com/sample_creator/status/1900000000000681532,,407
1900000000000574205,2025-04-24 22:25:00,デザインで一番大切なのは「誰に何を伝えるか」。ツールの使い方より先に、目的を考える習慣をつけるべきだと思う。,7946,137,16,5,41,1,https://x.com/sample_creator/status/1900000000000574205,image,319
1900000000000842463,2025-04-26 08:17:00,先日作ったバナーがコンペで入選しました。未経験から8ヶ月、続けてきてよかった。,12604,274,22,22,82,4,https://x.com/sample_creator/status/1900000000000842463,,522
1900000000000583372,2025-04-26 21:58:00,スキル習得で重要なのは、インプット2割・アウトプット8割。作らないと上達しません。これが本質です。,2150,50,4,4,15,0,https://x.com/sample_creator/status/1900000000000583372,image,322
1900000000000592313,2025-04-27 07:31:00,「センスがないから無理」は勘違い。デザインは知識とパターンの積み重ねで、センスは後からついてくる。学べば誰でも一定レベルには到達できます。,5460,156,22,9,46,1,https://x.com/sample_creator/status/1900000000000592313,image,326
1900000000000687367,2025-04-27 13:17:00,今日もリプで交流してくださった皆さん、ありがとうございます！デザイン仲間が増えるのが一番嬉しい。,5664,96,7,4,28,0,https://x.com/sample_creator/status/1900000000000687367,image,412
1900000000000593537,2025-04-28 20:56:00,続けるコツは意志力に頼らないこと。時間を固定し、環境を整え、記録を公開する。仕組みで解決するのが正解だと思う。,1824,57,4,7,17,1,https://x.com/sample_creator/status/1900000000000593537,,329
1900000000000696588,2025-04-29 13:23:00,【質問】皆さんが勉強でいちばん苦労していることは何ですか？リプで教えてください。今後の発信の参考にします。,2805,51,4,6,15,1,https://x.com/sample_creator/status/1900000000000696588,image,414
1900000000000597059,2025-04-30 20:29:00,デザインで一番大切なのは「誰に何を伝えるか」。ツールの使い方より先に、目的を考える習慣をつけるべきだと思う。,8874,174,16,19,52,3,https://x.com/sample_creator/status/1900000000000597059,,336
1900000000000848568,2025-04-30 21:50:00,ご報告。初めてポートフォリオを公開したところ、3件の感想をいただきました。小さな一歩だけど嬉しい。,10030,295,41,40,88,8,https://x.com/sample_creator/status/1900000000000848568,image,527
1900000000000703137,2025-05-01 07:59:00,朝活仲間を募集します。平日朝7時から30分、一緒に作業しませんか？参加したい方はリプください。,1750,35,2,5,10,1,https://x.com/sample_creator/status/1900000000000703137,,418
1900000000000602052,2025-05-01 20:05:00,スキル習得で重要なのは、インプット2割・アウトプット8割。作らないと上達しません。これが本質です。,3990,70,7,9,21,1,https://x.com/sample_creator/status/1900000000000602052,,341
1900000000000604195,2025-05-03 13:19:00,「センスがないから無理」は勘違い。デザインは知識とパターンの積み重ねで、センスは後からついてくる。学べば誰でも一定レベルには到達できます。,5040,120,12,14,36,2,https://x.com/sample_creator/status/1900000000000604195,,341
1900000000000850383,2025-05-03 21:35:00,フォロワー500人を突破しました！いつも見てくださる皆さんのおかげです。ありがとうございます。,9964,188,21,15,56,3,https://x.com/sample_creator/status/1900000000000850383,,533
1900000000000705616,2025-05-04 19:30:00,今日もリプで交流してくださった皆さん、ありがとうございます！デザイン仲間が増えるのが一番嬉しい。,2911,71,9,6,21,1,https://x.com/sample_creator/status/1900000000000705616,,422
1900000000000610086,2025-05-04 21:07:00,続けるコツは意志力に頼らないこと。時間を固定し、環境を整え、記録を公開する。仕組みで解決するのが正解だと思う。,9971,169,20,8,50,1,https://x.com/sample_creator/status/1900000000000610086,,348
1900000000000712702,2025-05-06 08:13:00,【質問】皆さんが勉強でいちばん苦労していることは何ですか？リプで教えてください。今後の発信の参考にします。,3960,66,7,6,19,1,https://x.com/sample_creator/status/1900000000000712702,image,424
1900000000000616532,2025-05-06 21:18:00,デザインで一番大切なのは「誰に何を伝えるか」。ツールの使い方より先に、目的を考える習慣をつけるべきだと思う。,5439,147,15,20,44,4,https://x.com/sample_creator/status/1900000000000616532,image,351
1900000000000623806,2025-05-07 09:24:00,スキル習得で重要なのは、インプット2割・アウトプット8割。作らないと上達しません。これが本質です。,6027,123,6,14,36,2,https://x.com/sample_creator/status/1900000000000623806,image,357
1900000000000854914,2025-05-07 20:37:00,毎日投稿90日達成しました。継続は裏切らない。,12488,223,25,14,66,2,https://x.com/sample_creator/status/1900000000000854914,image,541
1900000000000627298,2025-05-08 19:32:00,「センスがないから無理」は勘違い。デザインは知識とパターンの積み重ねで、センスは後からついてくる。学べば誰でも一定レベルには到達できます。,2139,69,8,6,20,1,https://x.com/sample_creator/status/1900000000000627298,,363
1900000000000717328,2025-05-08 21:34:00,朝活仲間を募集します。平日朝7時から30分、一緒に作業しませんか？参加したい方はリプください。,5712,112,20,7,33,1,https://x.com/sample_creator/status/1900000000000717328,,425
1900000000000860967,2025-05-10 07:44:00,先日作ったバナーがコンペで入選しました。未経験から8ヶ月、続けてきてよかった。,9310,245,48,8,73,1,https://x.com/sample_creator/status/1900000000000860967,,550
1900000000000629931,2025-05-10 21:28:00,続けるコツは意志力に頼らないこと。時間を固定し、環境を整え、記録を公開する。仕組みで解決するのが正解だと思う。,4556,134,7,6,40,1,https://x.com/sample_creator/status/1900000000000629931,,364
1900000000000719070,2025-05-11 07:49:00,今日もリプで交流してくださった皆さん、ありがとうございます！デザイン仲間が増えるのが一番嬉しい。,7080,120,8,6,36,1,https://x.com/sample_creator/status/1900000000000719070,,427
1900000000000635273,2025-05-11 13:09:00,デザインで一番大切なのは「誰に何を伝えるか」。ツールの使い方より先に、目的を考える習慣をつけるべきだと思う。,8326,181,19,7,54,1,https://x.com/sample_creator/status/1900000000000635273,image,374
1900000000000642499,2025-05-13 13:10:00,スキル習得で重要なのは、インプット2割・アウトプット8割。作らないと上達しません。これが本質です。,11033,187,34,16,56,3,https://x.com/sample_creator/status/1900000000000642499,image,374
1900000000000727502,2025-05-13 13:12:00,【質問】皆さんが勉強でいちばん苦労していることは何ですか？リプで教えてください。今後の発信の参考にします。,5355,105,14,12,31,2,https://x.com/sample_creator/status/1900000000000727502,,428
1900000000000644620,2025-05-14 09:10:00,「センスがないから無理」は勘違い。デザインは知識とパターンの積み重ねで、センスは後からついてくる。学べば誰でも一定レベルには到達できます。,5430,181,34,27,54,5,https://x.com/sample_creator/status/1900000000000644620,,380
1900000000000864215,2025-05-14 12:48:00,ご報告。初めてポートフォリオを公開したところ、3件の感想をいただきました。小さな一歩だけど嬉しい。,11544,222,15,19,66,3,https://x.com/sample_creator/status/1900000000000864215,,552
1900000000000735188,2025-05-16 12:32:00,朝活仲間を募集します。平日朝7時から30分、一緒に作業しませんか？参加したい方はリプください。,3920,98,8,8,29,1,https://x.com/sample_creator/status/1900000000000735188,,433
1900000000000918090,2025-05-16 19:34:00,最近DMで「学習手順を詳しく知りたい」という質問をたくさんいただきます。近日中に、私の学習ロードマップをnoteにまとめる準備をしています。,6636,158,18,10,47,2,https://x.com/sample_creator/status/1900000000000918090,,644
1900000000000871444,2025-05-17 21:15:00,フォロワー500人を突破しました！いつも見てくださる皆さんのおかげです。ありがとうございます。,8789,187,23,24,56,4,https://x.com/sample_creator/status/1900000000000871444,,553
1900000000000924856,2025-05-18 20:34:00,noteの執筆進捗70%。未経験から8ヶ月分の学習記録とテンプレを全部詰め込みます。もう少しお待ちください。,5952,124,14,4,37,0,https://x.com/sample_creator/status/1900000000000924856,,648
1900000000000742206,2025-05-18 21:27:00,今日もリプで交流してくださった皆さん、ありがとうございます！デザイン仲間が増えるのが一番嬉しい。,3072,96,5,6,28,1,https://x.com/sample_creator/status/1900000000000742206,,440
1900000000000927335,2025-05-20 21:08:00,公式LINEを開設しました。登録者限定で「バナー模写チェックリスト」を無料配布します。プロフィールのリンクからどうぞ。,4536,168,18,16,50,3,https://x.com/sample_creator/status/1900000000000927335,image,655
1900000000000746681,2025-05-20 22:10:00,【質問】皆さんが勉強でいちばん苦労していることは何ですか？リプで教えてください。今後の発信の参考にします。,957,29,1,2,8,0,https://x.com/sample_creator/status/1900000000000746681,,444
1900000000000873137,2025-05-21 19:31:00,毎日投稿90日達成しました。継続は裏切らない。,14872,286,53,38,85,7,https://x.com/sample_creator/status/1900000000000873137,image,565
1900000000000931419,2025-05-23 13:08:00,メルマガも始めました。SNSでは書けない学習の裏話を週1で配信します。登録はプロフィールのリンクから。,8692,164,20,23,49,4,https://x.com/sample_creator/status/1900000000000931419,,656
1900000000000748805,2025-05-23 20:43:00,朝活仲間を募集します。平日朝7時から30分、一緒に作業しませんか？参加したい方はリプください。,2312,68,11,3,20,0,https://x.com/sample_creator/status/1900000000000748805,image,450
1900000000000880980,2025-05-24 12:37:00,先日作ったバナーがコンペで入選しました。未経験から8ヶ月、続けてきてよかった。,14418,267,14,18,80,3,https://x.com/sample_creator/status/1900000000000880980,,576
1900000000000749851,2025-05-25 13:24:00,今日もリプで交流してくださった皆さん、ありがとうございます！デザイン仲間が増えるのが一番嬉しい。,2016,56,11,5,16,1,https://x.com/sample_creator/status/1900000000000749851,image,450
1900000000000933800,2025-05-25 21:11:00,最近DMで「学習手順を詳しく知りたい」という質問をたくさんいただきます。近日中に、私の学習ロードマップをnoteにまとめる準備をしています。,5406,102,5,11,30,2,https://x.com/sample_creator/status/1900000000000933800,image,664
1900000000000751273,2025-05-27 08:30:00,【質問】皆さんが勉強でいちばん苦労していることは何ですか？リプで教えてください。今後の発信の参考にします。,4500,100,16,5,30,1,https://x.com/sample_creator/status/1900000000000751273,,450
1900000000000889135,2025-05-28 07:45:00,ご報告。初めてポートフォリオを公開したところ、3件の感想をいただきました。小さな一歩だけど嬉しい。,14300,286,39,26,85,5,https://x.com/sample_creator/status/1900000000000889135,image,585
1900000000000937400,2025-05-28 12:53:00,noteの執筆進捗70%。未経験から8ヶ月分の学習記録とテンプレを全部詰め込みます。もう少しお待ちください。,3556,127,13,15,38,3,https://x.com/sample_creator/status/1900000000000937400,,669
1900000000000756620,2025-05-30 07:38:00,朝活仲間を募集します。平日朝7時から30分、一緒に作業しませんか？参加したい方はリプください。,6325,115,14,13,34,2,https://x.com/sample_creator/status/1900000000000756620,,457
1900000000000943801,2025-05-30 08:05:00,公式LINEを開設しました。登録者限定で「バナー模写チェックリスト」を無料配布します。プロフィールのリンクからどうぞ。,7276,214,23,12,64,2,https://x.com/sample_creator/status/1900000000000943801,,674
1900000000000895697,2025-05-31 08:51:00,フォロワー500人を突破しました！いつも見てくださる皆さんのおかげです。ありがとうございます。,10092,174,10,18,52,3,https://x.com/sample_creator/status/1900000000000895697,,593
1900000000000766028,2025-06-01 20:36:00,今日もリプで交流してくださった皆さん、ありがとうございます！デザイン仲間が増えるのが一番嬉しい。,3321,123,15,17,36,3,https://x.com/sample_creator/status/1900000000000766028,,465
1900000000000947118,2025-06-02 12:49:00,メルマガも始めました。SNSでは書けない学習の裏話を週1で配信します。登録はプロフィールのリンクから。,6300,210,32,16,63,3,https://x.com/sample_creator/status/1900000000000947118,image,678
1900000000000774532,2025-06-03 21:31:00,【質問】皆さんが勉強でいちばん苦労していることは何ですか？リプで教えてください。今後の発信の参考にします。,1976,38,7,5,11,1,https://x.com/sample_creator/status/1900000000000774532,,465
1900000000000902421,2025-06-04 13:16:00,毎日投稿90日達成しました。継続は裏切らない。,13260,390,67,22,117,4,https://x.com/sample_creator/status/1900000000000902421,,601
1900000000000954289,2025-06-04 22:20:00,最近DMで「学習手順を詳しく知りたい」という質問をたくさんいただきます。近日中に、私の学習ロードマップをnoteにまとめる準備をしています。,8236,142,24,15,42,3,https://x.com/sample_creator/status/1900000000000954289,image,679
1900000000000782799,2025-06-06 08:27:00,朝活仲間を募集します。平日朝7時から30分、一緒に作業しませんか？参加したい方はリプください。,1485,45,4,2,13,0,https://x.com/sample_creator/status/1900000000000782799,image,467
1900000000000906263,2025-06-07 20:39:00,先日作ったバナーがコンペで入選しました。未経験から8ヶ月、続けてきてよかった。,22344,399,24,57,119,11,https://x.com/sample_creator/status/1900000000000906263,image,615
1900000000000962226,2025-06-07 20:53:00,【お知らせ】未経験からのデザイン学習ロードマップをnoteで公開しました。8ヶ月分の記録・教材リスト・模写テンプレ付きです。詳しくはプロフィールのリンクから。,3610,95,9,4,28,0,https://x.com/sample_creator/status/1900000000000962226,,684
1900000000000792783,2025-06-08 21:50:00,今日もリプで交流してくださった皆さん、ありがとうございます！デザイン仲間が増えるのが一番嬉しい。,6102,113,22,10,33,2,https://x.com/sample_creator/status/1900000000000792783,image,475
1900000000000966371,2025-06-09 08:38:00,noteを公開して48時間。想像以上の反響をいただいています。感想を引用で紹介させてください。迷っている方の参考になれば。,4836,156,9,20,46,4,https://x.com/sample_creator/status/1900000000000966371,image,692
1900000000000800831,2025-06-10 08:20:00,【質問】皆さんが勉強でいちばん苦労していることは何ですか？リプで教えてください。今後の発信の参考にします。,3180,53,9,5,15,1,https://x.com/sample_creator/status/1900000000000800831,,480
1900000000000914617,2025-06-11 22:29:00,ご報告。初めてポートフォリオを公開したところ、3件の感想をいただきました。小さな一歩だけど嬉しい。,16515,367,53,54,110,10,https://x.com/sample_creator/status/1900000000000914617,,635
1900000000000975997,2025-06-12 08:12:00,【残り3日】noteの早割価格は今週末まで。値上げ前にどうぞ。購入はプロフィールのリンクから。,12005,245,44,25,73,5,https://x.com/sample_creator/status/1900000000000975997,,696
1900000000000979959,2025-06-12 22:19:00,ご報告です。昨日公開したnoteが、ついに1件売れました！人生初収益です。金額は980円だけど、自分の経験がお金になった事実が嬉しくて泣きそう。0→1をやっと達成できました。買ってくださった方、本当にありがとうございます。,17520,365,57,12,109,2,https://x.com/sample_creator/status/1900000000000979959,image,717
1900000000000808877,2025-06-13 20:26:00,朝活仲間を募集します。平日朝7時から30分、一緒に作業しませんか？参加したい方はリプください。,3950,79,8,10,23,2,https://x.com/sample_creator/status/1900000000000808877,image,483
1900000000000811434,2025-06-15 12:57:00,今日もリプで交流してくださった皆さん、ありがとうございます！デザイン仲間が増えるのが一番嬉しい。,3468,102,15,7,30,1,https://x.com/sample_creator/status/1900000000000811434,,490
1900000000000984850,2025-06-15 20:09:00,noteの購入者が10名を超えました。感想も続々いただいています。ありがとうございます！,9438,242,39,30,72,6,https://x.com/sample_creator/status/1900000000000984850,,724
1900000000000993534,2025-06-16 08:53:00,初収益から2週間。売上は合計1万円を超えました。次はテンプレ集の第2弾を準備中です。,15484,316,37,20,94,4,https://x.com/sample_creator/status/1900000000000993534,image,740
1900000000000813928,2025-06-17 07:35:00,【質問】皆さんが勉強でいちばん苦労していることは何ですか？リプで教えてください。今後の発信の参考にします。,4257,129,8,15,38,3,https://x.com/sample_creator/status/1900000000000813928,,498
1900000000001001393,2025-06-18 09:22:00,購入者さんから「模写が続くようになった」と嬉しい報告。誰かの役に立てるって最高です。,8364,204,34,9,61,1,https://x.com/sample_creator/status/1900000000001001393,image,740
1900000000001010266,2025-06-20 13:05:00,【御礼】noteが30部売れました。続編のご要望が多いので、動画版も検討しています。,5152,161,25,14,48,2,https://x.com/sample_creator/status/1900000000001010266,,744
1900000000000820328,2025-06-20 21:37:00,朝活仲間を募集します。平日朝7時から30分、一緒に作業しませんか？参加したい方はリプください。,6604,127,13,13,38,2,https://x.com/sample_creator/status/1900000000000820328,,498
1900000000000826447,2025-06-22 12:36:00,今日もリプで交流してくださった皆さん、ありがとうございます！デザイン仲間が増えるのが一番嬉しい。,5889,151,12,16,45,3,https://x.com/sample_creator/status/1900000000000826447,,499
1900000000001013892,2025-06-22 12:58:00,noteの購入者が10名を超えました。感想も続々いただいています。ありがとうございます！,14001,359,25,29,107,5,https://x.com/sample_creator/status/1900000000001013892,,758
1900000000001015328,2025-06-24 19:33:00,初収益から2週間。売上は合計1万円を超えました。次はテンプレ集の第2弾を準備中です。,9150,305,38,17,91,3,https://x.com/sample_creator/status/1900000000001015328,,769
1900000000001016789,2025-06-26 13:29:00,購入者さんから「模写が続くようになった」と嬉しい報告。誰かの役に立てるって最高です。,5474,161,28,17,48,3,https://x.com/sample_creator/status/1900000000001016789,,771
1900000000001022489,2025-06-27 20:14:00,【御礼】noteが30部売れました。続編のご要望が多いので、動画版も検討しています。,4525,181,29,15,54,3,https://x.com/sample_creator/status/1900000000001022489,,772
1900000000001027682,2025-06-29 09:23:00,noteの購入者が10名を超えました。感想も続々いただいています。ありがとうございます！,11078,191,25,22,57,4,https://x.com/sample_creator/status/1900000000001027682,,778
1900000000001033402,2025-07-01 08:49:00,初収益から2週間。売上は合計1万円を超えました。次はテンプレ集の第2弾を準備中です。,9558,177,10,14,53,2,https://x.com/sample_creator/status/1900000000001033402,,779
1900000000001042591,2025-07-03 21:04:00,購入者さんから「模写が続くようになった」と嬉しい報告。誰かの役に立てるって最高です。,4284,126,18,12,37,2,https://x.com/sample_creator/status/1900000000001042591,,783
1900000000001043616,2025-07-05 20:52:00,【御礼】noteが30部売れました。続編のご要望が多いので、動画版も検討しています。,7200,240,32,12,72,2,https://x.com/sample_creator/status/1900000000001043616,,794
